Country Name,Country Code,Time,Time Code,Total GHG emissions by sector (Mt CO2 eq) - Total including LUCF [CC.GHG.EMSE.IL],Total GHG emissions by sector (Mt CO2 eq) - Agriculture [CC.GHG.EMSE.AG],Total GHG emissions by sector (Mt CO2 eq) - Building [CC.GHG.EMSE.BL],Total GHG emissions by sector (Mt CO2 eq) - Electricity/Heat [CC.GHG.EMSE.EH],Total GHG emissions by sector (Mt CO2 eq) - Energy [CC.GHG.EMSE.EN],Total GHG emissions by sector (Mt CO2 eq) - Industrial Processes [CC.GHG.EMSE.IP],Total GHG emissions by sector (Mt CO2 eq) - Manufacturing/Construction [CC.GHG.EMSE.MC],Total GHG emissions by sector (Mt CO2 eq) - Transportation [CC.GHG.EMSE.TR],Agricultural land (% of land area) [AG.LND.AGRI.ZS],"Central government debt, total (% of GDP) [GC.DOD.TOTL.GD.ZS]","Population, total [SP.POP.TOTL]",Urban population (% of total population) [SP.URB.TOTL.IN.ZS],Per capita GHG emissions (tons/capita) [CC.GHG.PECA],GHG growth (annual %) [CC.GHG.GRPE],GDP growth (annual %) [NY.GDP.MKTP.KD.ZG],GDP (current US$) [NY.GDP.MKTP.CD],GDP per capita (current US$) [NY.GDP.PCAP.CD],Electricity net consumption [CC.ELEC.CON]
Argentina,ARG,2005,YR2005,410.92,130.32,22.64,50.5,158.69,8.87,20.43,37.71,47.4737365211259,..,38892924,90.031,10.57,1.1,8.85165992013437,198737095012.282,5109.85224490403,88.60108
Argentina,ARG,2006,YR2006,425.42,133.64,22.65,53.81,167.1,11.38,22.12,40.55,47.5533947944415,..,39289876,90.2,10.83,3.53,8.04715150043027,232557260817.308,5919.01233837714,99.04709
Argentina,ARG,2007,YR2007,438.82,136.63,26.5,54.34,175.07,13.55,21.09,43.88,47.4910932549905,..,39684303,90.366,11.06,3.15,9.00765087504757,287530508430.568,7245.44685667197,100.1531
Argentina,ARG,2008,YR2008,442.98,133.99,25.15,59.04,179.57,15.45,20.68,45.85,46.4235627710848,..,40080159,90.53,11.05,0.95,4.05723310346406,361558037110.419,9020.87332314274,103.7001
Argentina,ARG,2009,YR2009,424.07,123.5,24.72,57.17,168.96,17.22,17.56,42.02,45.4302094866426,..,40482786,90.691,10.48,-4.27,-5.91852507634947,332976484577.619,8225.13758261645,104.3041
Argentina,ARG,2010,YR2010,429.81,116.64,28.22,59.38,179.19,19.57,19.05,44.2,46.1389123357048,..,40788453,90.849,10.54,1.35,10.1253981561002,423627422092.49,10385.9644319555,111.17157
Argentina,ARG,2011,YR2011,410.64,116.87,28.31,64.48,187.64,20.79,20.71,45.67,45.7919603608739,..,41261490,90.99,9.95,-4.46,6.00395169280579,530163281574.658,12848.8641969705,113.58529
Argentina,ARG,2012,YR2012,414.84,118.87,29.78,67.52,189.03,21.22,19.2,44.82,45.5813044224958,..,41733271,91.121,9.94,1.02,-1.0264204544321,545982375701.128,13082.664325572,117.71058
Argentina,ARG,2013,YR2013,424.7,121.78,30.93,64.94,193.79,22.48,21.13,47.74,44.9219312381015,..,42202935,91.249,10.06,2.38,2.40532378079436,552025140252.246,13080.2547323367,117.67703
Argentina,ARG,2014,YR2014,421.76,122.91,29.87,66.95,189.63,23.11,21.37,44.06,43.8533045394254,..,42669500,91.377,9.88,-0.69,-2.51261532081394,526319673731.638,12334.7982453893,123.42653
Argentina,ARG,2015,YR2015,428.37,122.33,30.17,69.72,195.73,23.74,21.55,46.28,42.7846778407492,..,43131966,91.503,9.93,1.57,2.73115982828944,594749285413.212,13789.060424772,128.65242
Argentina,ARG,2016,YR2016,396.27,126.56,30.61,71.12,193.83,24.91,19.41,45.25,41.7160511420731,..,43590368,91.627,9.09,-7.49,-2.08032784377811,557531376217.967,12790.2424732447,128.16484
Argentina,ARG,2017,YR2017,397.7,130.29,28.52,68.18,189.58,26.09,18.98,46.43,40.647424443397,..,44044811,91.749,9.03,0.36,2.81850297775918,643628665302.155,14613.041824658,125.48834
Argentina,ARG,2018,YR2018,395.5,129.94,28.1,64.08,186.78,27.26,20.69,47.79,39.6032286082823,..,44494502,91.87,8.89,-0.55,-2.61739646282038,524819742918.669,11795.1593866287,125.09309
Argentina,ARG,2019,YR2019,..,..,..,..,..,..,..,..,39.6032286082823,..,44938712,91.991,..,..,-2.0259342366392,452818426182.658,10076.3552409481,122.08889
Australia,AUS,2005,YR2005,598.44,137.24,11.36,224.53,403.44,13.42,43.8,79.33,53.3993725837314,22.4267214946317,20394800,84.582,29.34,-5.83,3.16033832510615,695075176665.163,34080.9998953245,200.137
Australia,AUS,2006,YR2006,646.91,174.91,11.56,229.35,409.86,12.87,42.66,81.25,53.27857542663,21.4639696485303,20697900,84.7,31.25,8.1,2.72689344585038,747556154537.287,36117.487983674,204.131
Australia,AUS,2007,YR2007,646.46,165,11.82,236.45,421.61,13.98,43.29,83.58,51.8536766332999,20.1204762784745,20827600,84.822,31.04,-0.07,3.7684875158189,853955405511.502,41001.1429790999,214.773
Australia,AUS,2008,YR2008,617.09,132.24,11.92,236.3,424.96,15.2,44.79,85.3,50.6733660492301,18.1967745849444,21249200,84.943,29.04,-4.54,3.57701487814776,1055127126230.98,49654.9105957389,214.639
Australia,AUS,2009,YR2009,633.8,139.31,12.53,246.37,431.12,15.83,41.18,84.68,50.0184840477461,23.8870800369387,21691700,85.063,29.22,2.71,1.8668320701176,928042998085.702,42783.3225651148,220.032
Australia,AUS,2010,YR2010,601.14,115.74,12.68,239.95,423.66,16.7,36.98,87.63,48.9920987204353,28.6956061213118,22031750,85.182,27.29,-5.15,2.17233709101625,1147589183475.73,52087.9722888891,222.36042
Australia,AUS,2011,YR2011,644.74,220.11,13.14,233.27,421.61,16.92,39.53,89.77,51.5628132199992,30.1094295922556,22340024,85.3,28.86,7.25,2.46974629381731,1397907916789.9,62574.1457032412,223.43702
Australia,AUS,2012,YR2012,643.12,219.01,13.4,230.76,421.71,17.36,41,90.43,50.3854314463116,39.4662235865486,22733465,85.402,28.29,-0.25,3.91736246328504,1546508558465.66,68027.8417067378,222.72226
Australia,AUS,2013,YR2013,555.26,138.08,13.68,222.64,415.01,16.79,41.01,91.83,48.3937102169923,37.5799731069072,23128129,85.502,24.01,-13.66,2.60021188065653,1576335282651.07,68156.6279162085,222.68814
Australia,AUS,2014,YR2014,566.21,160.05,14.17,212.81,404.03,17.25,41.01,91.98,48.7383986566523,41.7426885439519,23475686,85.602,24.12,1.97,2.56293152083389,1467504819608.92,62511.6905895284,223.48544
Australia,AUS,2015,YR2015,566.47,151.67,14.44,219.58,413.44,17.92,37.69,94.15,45.3144240657095,46.5094716816771,23815995,85.701,23.79,0.05,2.17220475337416,1350534154255.76,56707.0220772116,225.12754
Australia,AUS,2016,YR2016,577.32,120.1,14.83,225.68,422.98,18.19,37.5,95.59,44.5399257932247,54.6835940893166,24190907,85.8,23.87,1.92,2.74164306864724,1206685107002.47,49881.7637140466,226.5381
Australia,AUS,2017,YR2017,623.08,163.31,14.87,226.19,426.4,17.86,37.55,97.68,48.3406179391109,53.2661594235026,24601860,85.904,25.33,7.93,2.29592694694063,1326882872011.46,53934.2501750463,231.32196
Australia,AUS,2018,YR2018,619.26,159.54,15.1,221.26,426.09,17.44,39.32,99.64,46.6580950127535,54.4764198191374,24982688,86.012,24.79,-0.61,2.87097248021668,1428529571351.06,57180.7794001614,234.25804
Australia,AUS,2019,YR2019,..,..,..,..,..,..,..,..,47.1237724290889,60.2598462256221,25365745,86.124,..,..,2.11314942462376,1391952510370.48,54875.2859563351,237.388272
Brazil,BRA,2005,YR2005,2004.36,468.47,19.22,58.23,340.72,26.22,82.04,137.08,27.3795365954626,..,186127108,82.834,10.77,0.43,3.20213206216255,891633826603.377,4790.45656586131,367.8832
Brazil,BRA,2006,YR2006,1994.55,459.33,19.22,58.46,342.44,28.66,82.19,140.13,27.3925777744809,..,188167353,83.143,10.6,-0.49,3.96198870899485,1107626711406.63,5886.39152194816,382.5392
Brazil,BRA,2007,YR2007,2029.48,469.98,19.9,57.73,358.48,24.71,91.21,145.82,27.4788170573836,..,190130445,83.448,10.67,1.75,6.06987060733128,1397114247331.17,7348.18796290712,404.1672
Brazil,BRA,2008,YR2008,2030.84,460.64,19.96,68.99,377.8,26.93,91.21,151.2,27.5650563402862,..,192030362,83.749,10.58,0.07,5.09419544811998,1695855391810.9,8831.18364277674,419.8082
Brazil,BRA,2009,YR2009,2008.85,459.84,19.63,57.76,358.27,26.88,82.12,148.6,27.6512956231889,..,193886505,84.044,10.36,-1.08,-0.12581200299141,1666996294372.87,8597.79433526264,418.5382
Brazil,BRA,2010,YR2010,2104.61,491.25,19.85,69.68,401.69,29.79,96.44,167.85,27.7375349060916,61.3187804611479,195713637,84.335,10.75,4.77,7.52822581812151,2208838108577.09,11286.071540212,455.64932
Brazil,BRA,2011,YR2011,1270.59,488.59,20.14,63.38,420.22,31.41,105.72,185.02,27.8237741889942,59.3416583014604,197514541,84.631,6.43,-39.63,3.97442307944702,2616156606666.62,13245.387369564,471.4818
Brazil,BRA,2012,YR2012,1311.58,489.49,20.08,82.23,453.41,33.62,101.91,202.41,27.9100134718969,59.8494899958247,199287292,84.923,6.58,3.23,1.92117598509462,2465228293894.01,12370.2232548476,488.78256
Brazil,BRA,2013,YR2013,1335.02,485.54,20.39,107.07,483.56,35.33,99.23,209.63,27.9962527547995,57.228409380258,201035904,85.209,6.64,1.79,3.0048226702888,2472819362216.69,12300.3867121004,504.70972
Brazil,BRA,2014,YR2014,1372.79,495.01,20.47,125.82,508.52,35.05,97.98,215.07,28.0824920377022,58.4572711058609,202763744,85.492,6.77,2.83,0.503955740273241,2456043766028.73,12112.8349554875,518.34088
Brazil,BRA,2015,YR2015,1354.28,496.95,20.22,120.7,484.96,32.57,94.59,199.86,28.1687313206048,67.5375540277116,204471759,85.77,6.62,-1.35,-3.54576339347278,1802211999538.68,8813.98980647828,510.03076
Brazil,BRA,2016,YR2016,1443.98,502.99,20.41,96.39,449.64,30.17,84.69,198.89,28.2549706035075,73.4188038096758,206163056,86.042,7,6.62,-3.2759169063211,1795693265810.23,8710.06328995352,510.44062
Brazil,BRA,2017,YR2017,1461.43,507.27,20.48,97.86,459.15,28.94,90.5,200.02,28.3410663137971,83.6692026509366,207833825,86.309,7.03,1.21,1.32286905390815,2063514688761.98,9928.67589653405,516.21791
Brazil,BRA,2018,YR2018,1420.58,496.1,20.38,88.44,437.33,28.99,86.98,191.66,28.3410903622098,86.6078841199146,209469320,86.569,6.78,-2.8,1.78366676137003,1916933708381.89,9151.38173161536,528.09132
Brazil,BRA,2019,YR2019,..,..,..,..,..,..,..,..,28.3410903622098,92.5652531882782,211049519,86.824,..,..,1.22077782271943,1873288158977.23,8876.05983587779,533.85178
Canada,CAN,2005,YR2005,1006.64,58.83,74.58,211.83,603.89,22.14,69.18,170.62,6.87695957544345,46.025212915552,32243753,80.122,31.22,1.15,4.99586086930171,1173108598778.68,36382.5079164537,560.37862
Canada,CAN,2006,YR2006,992.64,55.84,69.83,210.67,594.25,20.36,66.68,169.41,6.75739131501664,43.2561303350185,32571174,80.213,30.48,-1.39,4.16581762720676,1319264809590.97,40504.0607253203,550.193991
Canada,CAN,2007,YR2007,1023.93,58.4,74.66,228.47,624.02,19.95,67.47,175.76,6.6931456825485,39.1387244399934,32889025,80.396,31.13,3.15,6.86860885703047,1468820407783.26,44659.8951408034,560.760367
Canada,CAN,2008,YR2008,999.57,56.73,74,212.94,602.39,20.26,64.96,174.01,6.62890005008036,43.9472794863129,33247118,80.578,30.06,-2.38,1.00762269545756,1552989690721.65,46710.5055759013,559.070389
Canada,CAN,2009,YR2009,962.46,54.54,71.93,201.83,570.77,17.13,57.56,169.48,6.56465441761223,52.2515264100439,33628895,80.758,28.62,-3.71,-2.92840016684549,1374625142157.29,40876.3101540295,535.105882
Canada,CAN,2010,YR2010,975.84,55.22,67.74,207.81,583.91,17.4,61.91,174.68,6.50040878514409,52.4574351488494,34004889,80.937,28.7,1.39,3.08949461982786,1617343367486.26,47562.0834253057,531.212016
Canada,CAN,2011,YR2011,825.24,56.82,72.9,209,597.22,18.08,66.04,175.06,6.43568354118357,53.1847516125414,34339328,81.096,24.03,-15.43,3.14688137207058,1793326630174.52,52223.696112356,549.454851
Canada,CAN,2012,YR2012,830.07,59.14,67.61,210.44,598.47,19.24,67.07,176.78,6.44363616895263,54.9262398034156,34714222,81.137,23.91,0.58,1.76222254945881,1828366481521.6,52669.0899632316,540.106979
Canada,CAN,2013,YR2013,841.21,59.28,70.48,213.48,609.97,18.77,65.15,181.81,6.45155533545478,51.8429501080037,35082954,81.178,23.98,1.34,2.3291225062102,1846597421834.98,52635.1749580433,561.072324
Canada,CAN,2014,YR2014,848.12,58.31,74.32,216.06,618.06,18.82,64.4,180.43,6.45947450195693,50.3307188290924,35437435,81.218,23.93,0.82,2.87003607545671,1805749878439.94,50955.9983232404,557.576676
Canada,CAN,2015,YR2015,844.67,57.46,70.73,216.26,612.89,20.13,64.97,180.01,6.46750520601544,54.6514794201489,35702908,81.259,23.66,-0.41,0.659176863558869,1556508816217.14,43596.1355365546,544.088302
Canada,CAN,2016,YR2016,731.11,56.39,66.47,212.67,600.41,20.85,64.5,180.83,6.47475514717938,52.8086681382135,36109487,81.3,20.25,-13.44,1.00139441390405,1527994741907.43,42315.6037056806,549.530493
Canada,CAN,2017,YR2017,745.74,57.15,69.95,211.98,612.78,21.52,67.91,185.25,6.47185517071381,50.2257968524381,36545236,81.35,20.41,2,3.03988022528195,1649265644244.09,45129.4292980922,547.681195
Canada,CAN,2018,YR2018,763.44,58.95,75.68,209.54,626.07,21.64,69.17,192.11,6.49170885574736,48.1815311011633,37065084,81.411,20.6,2.37,2.77704055379553,1725329192783.02,46548.6384108296,554.720418
Canada,CAN,2019,YR2019,..,..,..,..,..,..,..,..,6.48668966571079,48.0116333101717,37601230,81.482,..,..,1.87959202770178,1742015045482.31,46328.6718408497,552.622179
China,CHN,2005,YR2005,6862.81,687.28,365.46,2552.71,5832.01,552.88,1935.87,397.31,55.8831828468425,..,1303720000,42.522,5.26,11.85,11.3945918097286,2285965892364.2,1753.41782926104,2196.172
China,CHN,2006,YR2006,7547.54,689.39,384.12,2898.66,6429.29,632.32,2083.32,434.81,55.9457666238713,..,1311020000,43.868,5.76,9.98,12.7209556651735,2752131773358.92,2099.22943460734,2523.947
China,CHN,2007,YR2007,8165.43,680.84,398.28,3171.09,6983.68,698.16,2274.35,468.58,56.0083515761775,..,1317885000,45.199,6.2,8.19,14.2308609330803,3550342737009.53,2693.97006340427,2891.542
China,CHN,2008,YR2008,8455.65,693.16,383.25,3208.47,7222.57,730,2409.86,507.07,56.0709365390941,..,1324655000,46.539,6.38,3.55,9.65067891955702,4594307032667.98,3468.30460207977,3070.881
China,CHN,2009,YR2009,9046.19,694.65,391.66,3455.66,7727.96,808.64,2601.83,517.08,56.1332002008976,..,1331260000,47.88,6.8,6.98,9.39872563237978,5101703073088.97,3832.23643246922,3290.14
China,CHN,2010,YR2010,9872.37,695.41,416.4,3831.98,8470.4,885.58,2844.45,568.78,56.1202755223834,..,1337705000,49.226,7.38,9.13,10.6358710646812,6087163874510.73,4550.45310775599,3713.68162
China,CHN,2011,YR2011,10364.83,689.64,440.72,4324.11,9251.09,975.36,3005.39,621.89,56.1169108294991,..,1345035000,50.511,7.71,4.99,9.55083217886229,7551500124197.17,5614.35213522114,4178.89156
China,CHN,2012,YR2012,10690.04,691.17,457.22,4450.73,9541.85,1002.33,3038.4,686.13,56.107828313151,..,1354190000,51.765,7.91,3.14,7.86373644866194,8532229986993.65,6300.61511825789,4435.14858
China,CHN,2013,YR2013,11144.76,690.84,476.57,4742.95,9935.16,1058.98,3029.29,741.09,56.1080381401584,..,1363240000,53.013,8.21,4.25,7.766150097539,9570406235659.64,7020.33848453658,4845.35502
China,CHN,2014,YR2014,11155.76,691.8,487,4636.87,9886.46,1112.43,3022.68,770.56,56.0967380472843,..,1371860000,54.259,8.18,0.1,7.42576365645755,10475682920597.7,7636.11660125502,5069.99456
China,CHN,2015,YR2015,11149.68,698.73,510.54,4580.61,9890.2,1090.68,2972.98,827.14,56.090201435984,..,1379860000,55.5,8.13,-0.05,7.04132887865481,11061553079871.5,8016.43143498003,5250.58386
China,CHN,2016,YR2016,11207.66,699.82,525.09,4637.77,9849.23,1122.48,2846.38,843.42,56.0816654067681,..,1387790000,56.736,8.13,0.52,6.84876220503246,11233276536744.7,8094.36336675194,5565.16154
China,CHN,2017,YR2017,11408.26,684.3,533.08,4904.12,10037.65,1144.49,2734.18,880.9,56.0773345717245,..,1396215000,57.96,8.23,1.79,6.94720079327288,12310409370894.2,8816.98690451989,5953.57732
China,CHN,2018,YR2018,11705.81,672.87,542.13,5214.2,10318.51,1166.29,2667.43,917.02,56.077067426709,..,1402760000,59.152,8.4,2.61,6.74977383247717,13894817549380.3,9905.34200389253,6452.118661
China,CHN,2019,YR2019,..,..,..,..,..,..,..,..,56.0770143746388,..,1407745000,60.308,..,..,5.95050075376979,14279937500608,10143.8381955595,6875.08864
France,FRA,2005,YR2005,442.64,77.85,90.4,80.9,380.76,30.22,55.13,130.8,53.675507755357,65.6111738740193,63179356,77.13,7.01,0.15,1.66321998030079,2196945232435.8,34773.1501479027,452.118
France,FRA,2006,YR2006,432.32,77.5,85.63,76.75,370.76,30.48,54.84,131.12,53.5336047206044,60.9742926849592,63621376,77.377,6.8,-2.33,2.44932360111885,2320536221304.7,36474.1595859967,447.833
France,FRA,2007,YR2007,425.14,79.24,77.1,78.46,361.43,31.13,54.03,130.3,53.338921792617,59.4874211892694,64016227,77.621,6.64,-1.66,2.42473624337305,2660591246211.77,41561.2005095485,450.019
France,FRA,2008,YR2008,418.88,78.23,83.56,74.95,357.06,30.46,52.54,124.32,53.1635975797953,65.372569489756,64374979,77.868,6.51,-1.47,0.254945960124005,2930303780828.12,45519.2968812949,462.774
France,FRA,2009,YR2009,400.59,76.21,85.5,72.74,343.49,28.31,41.25,122.93,52.9988658714983,77.9477820433769,64707035,78.117,6.19,-4.37,-2.87331382849631,2700887366932.03,41740.2430343475,446.837
France,FRA,2010,YR2010,404.32,76.28,83.93,74.39,347.56,27.85,45.11,123.27,52.8279247639972,80.3012997114704,65027505,78.369,6.22,0.93,1.94943762312663,2645187882116.67,40677.9851405443,474.02624
France,FRA,2011,YR2011,392.42,74.2,70.22,66.8,332.4,28.35,46.12,128.63,52.7408105457514,82.2922420615546,65342789,78.622,6.01,-2.94,2.19270063266654,2865157541994.17,43848.106054888,451.02056
France,FRA,2012,YR2012,395.28,74.61,76.79,68.01,335.91,27.88,43.72,127.46,52.6790818124871,90.2797486025496,65659814,78.878,6.02,0.73,0.313134751077172,2683671716967.19,40872.3624615688,462.31622
France,FRA,2013,YR2013,396.16,75.65,79.36,65.35,336.51,27.67,45.07,126.27,52.549232317366,90.9685436680429,65998685,79.135,6,0.22,0.576326674771792,2811876903329.03,42605.0443782179,463.9011
France,FRA,2014,YR2014,363.05,75.79,64.19,50.9,304.14,27.33,42.88,126.43,52.5360830014044,97.5543838512582,66312067,79.394,5.47,-8.36,0.956183052371557,2855964488590.19,43068.5487241739,441.5817
France,FRA,2015,YR2015,369.04,76.53,67.28,54.44,310.57,27.05,41.71,127.59,52.4637617636155,97.9803332557022,66548272,79.655,5.55,1.65,1.1129123405747,2439188643162.5,36652.9223052178,450.83476
France,FRA,2016,YR2016,368.04,74.78,68.12,54.92,313.01,27.27,43.48,127.7,52.4475461002233,102.262044850588,66724104,79.917,5.52,-0.27,1.09546440372048,2472964344587.17,37062.5335723829,457.72878
France,FRA,2017,YR2017,370.47,74.98,67.98,59.59,316.8,25.74,42.47,128.14,52.410066897145,102.21526508744,66918020,80.18,5.54,0.66,2.29141999417021,2595151045197.65,38781.0494870836,455.22826
France,FRA,2018,YR2018,361.37,73.83,64.42,61.75,310.38,24.35,40.08,125.42,52.3417653321937,101.622134416787,67101930,80.444,5.4,-2.46,1.86506607081999,2790956878746.66,41592.795896432,449.9569
France,FRA,2019,YR2019,..,..,..,..,..,..,..,..,52.2706969320089,104.986431520716,67248926,80.709,..,..,1.84297181445896,2728870246705.88,40578.6442850534,449.23542
Germany,DEU,2005,YR2005,909.39,64.27,159.66,375.8,809.48,33.52,94.77,155.63,48.8330083725198,..,82469422,75.98,11.03,-2.61,0.731707163554191,2846864211175.1,34520.2396492496,546.7072
Germany,DEU,2006,YR2006,915.88,61.99,168.22,379.51,819.76,33.68,96.66,153.48,48.5948612066988,..,82376451,76.179,11.12,0.71,3.816441912988,2994703642023.53,36353.8803343631,552.2954
Germany,DEU,2007,YR2007,886.8,63.17,129.44,392.57,787.18,37.38,96.05,148.38,48.6133019760805,..,82266372,76.378,10.78,-3.17,2.97645513131597,3425578382921.58,41640.0808695147,554.8024
Germany,DEU,2008,YR2008,889.47,62.94,153.55,371.06,793.88,34.8,99.87,148.89,48.5356968706078,..,82110097,76.575,10.83,0.3,0.95987913356484,3745264093617.19,45612.7106221441,551.893
Germany,DEU,2009,YR2009,832.31,62.92,142.64,343.1,738.57,34.21,86.87,147.06,48.4380826711798,..,81902307,76.771,10.16,-6.43,-5.69383633640285,3411261212652.34,41650.3678297162,522.73
Germany,DEU,2010,YR2010,862.97,63.36,149.39,361.68,777.87,26.27,98.35,148.12,47.9100324181656,..,81776930,76.966,10.55,3.68,4.17988249873657,3399667820000.01,41572.4559481507,555.39806
Germany,DEU,2011,YR2011,823.34,62.02,128.46,354.26,750.41,27.18,97.18,149.94,47.9659169153087,..,80274983,77.16,10.26,-4.59,3.92519270463411,3749314991050.59,46705.8957963353,548.74974
Germany,DEU,2012,YR2012,837.46,62.3,136,365.16,765.4,26.85,94.25,148.51,47.8108681930338,..,80425823,77.17,10.41,1.71,0.418497594217598,3527143188785.16,43855.8544658618,547.02142
Germany,DEU,2013,YR2013,854.7,63.12,146.58,369.74,783.39,26.07,93.81,152.37,47.8588626461821,..,80645605,77.18,10.6,2.06,0.437591303144671,3733804649549.03,46298.9229177341,546.23282
Germany,DEU,2014,YR2014,814.43,64.52,125.79,350.25,741.94,26.52,91.25,154.57,47.9363714531384,..,80982500,77.19,10.06,-4.71,2.20954343134872,3889093051023.52,48023.8699845462,534.9686
Germany,DEU,2015,YR2015,818.22,63.33,129.62,346.26,747.68,26.38,95.12,157.59,47.9590666743106,..,81686611,77.2,10.02,0.47,1.49193152760772,3357585719351.56,41103.2564363768,539.90184
Germany,DEU,2016,YR2016,820.7,62.29,133.2,345.94,752.24,26.15,93.22,161.02,47.6843370735058,..,82348669,77.224,9.97,0.3,2.22999986782015,3469853463945.53,42136.1207907991,540.09184
Germany,DEU,2017,YR2017,803.18,60.96,131.57,327.74,736.52,26.12,95.14,163.49,47.7631164667831,..,82657002,77.261,9.72,-2.13,2.68023111405891,3690849152517.65,44652.5891722719,540.89726
Germany,DEU,2018,YR2018,776.61,58.3,120.82,310.35,713.82,25.34,99.33,158.3,47.6415364359723,..,82905782,77.312,9.37,-3.31,1.08602451412267,3977289455388.23,47973.6076235097,535.3849
Germany,DEU,2019,YR2019,..,..,..,..,..,..,..,..,47.7002776267209,..,83092962,77.376,..,..,1.05550824713283,3888326788627.44,46794.8992915603,517.30339
India,IND,2005,YR2005,1977.76,647.72,79.92,599.57,1181.44,72.54,232.62,115.4,60.5834137744308,62.2265261005164,1147609924,29.235,1.72,3.81,7.92343062149763,820381595512.902,714.8610153644,496.732
India,IND,2006,YR2006,2073.67,662.47,81.35,638.85,1257.45,76.4,260.24,120.65,60.5094191760365,59.6667302759413,1165486291,29.569,1.78,4.85,8.06073257303272,940259888792.141,806.753280628799,548.192
India,IND,2007,YR2007,2219.62,679.66,83.34,701.16,1377.91,81.15,294.8,142.98,60.4132261981239,57.4975363893642,1183209471,29.906,1.88,7.04,7.66081506504928,1216735441524.86,1028.33477194577,593.32
India,IND,2008,YR2008,2317.48,687.34,85.39,721.88,1464.01,86.19,308.18,163.21,60.4593046525785,57.2922142809949,1200669762,30.246,1.93,4.41,3.08669805953289,1198895582137.51,998.522341514181,629.04
India,IND,2009,YR2009,2467.78,681.39,89.57,789.51,1599.57,98.63,355.6,178.71,60.5639061075814,55.2564461120573,1217726217,30.587,2.03,6.49,7.86188883303498,1341886602798.69,1101.96083821252,680.088
India,IND,2010,YR2010,2576.93,691.44,92.71,819.68,1692.93,105.42,398.01,192.92,60.3974182611942,51.5919103004572,1234281163,30.93,2.09,4.42,8.49758470158106,1675615335600.56,1357.5637268318,727.51078
India,IND,2011,YR2011,2610.32,701.81,96.72,860.23,1782.53,111.41,443.4,209.3,60.4300431523044,51.5565536600977,1250287939,31.276,2.09,1.3,5.24131500140663,1823049927771.46,1458.10406619579,803.24132
India,IND,2012,YR2012,2758.53,695.63,97.46,989.12,1924.61,117.19,431.78,221.52,60.4206256579633,50.6780305618952,1265780243,31.634,2.18,5.68,5.45638875297365,1827637859135.7,1443.88243476138,846.10418
India,IND,2013,YR2013,2816.49,698.17,99.59,1006.04,1979.19,120.95,469.25,226.26,60.4394606466455,50.3118273627008,1280842119,32.003,2.2,2.1,6.38610640094825,1856722121394.53,1449.61045069641,935.58691
India,IND,2014,YR2014,2988.34,699.71,103.75,1123.44,2144.78,125.52,500.41,235.75,60.4495508191538,49.9009248748319,1295600768,32.384,2.31,6.1,7.41022760508854,2039127446298.55,1573.88564182956,1029.776
India,IND,2015,YR2015,3002.17,700.01,107.82,1103.23,2153.56,130.19,503.78,257.75,60.4317248477225,49.9647183856551,1310152392,32.777,2.29,0.46,7.99625378571471,2103587813812.75,1605.60544457087,1084.231
India,IND,2016,YR2016,3073.24,703.63,111.86,1097.81,2187.89,130.61,525.1,269.4,60.3990999566123,47.6337555915272,1324517250,33.182,2.32,2.37,8.25630550179086,2294797980509.01,1732.55424231659,1150.809
India,IND,2017,YR2017,3202.82,709.5,113.75,1157.77,2307.82,130.52,558.99,291.23,60.2839387997403,47.5836093800197,1338676779,33.6,2.39,4.22,6.79538341897911,2651472946374.91,1980.66701982802,1215.71
India,IND,2018,YR2018,3346.63,718.7,118.84,1241.34,2424.58,148.54,571.38,305.33,60.2435646561437,46.5224986659322,1352642283,34.03,2.47,4.49,6.45385134497769,2702929718960.46,1998.25907627675,1265.005
India,IND,2019,YR2019,..,..,..,..,..,..,..,..,60.2198133654425,..,1366417756,34.472,..,..,3.73791851955785,2831552222519.99,2072.24489735041,1229.387712
Indonesia,IDN,2005,YR2005,1242.7,148.58,31.37,124.11,371.36,22.77,81.3,69.84,27.6141013752724,..,226289468,45.942,5.49,-18.08,5.69257130383384,285868618224.017,1263.28733171098,106.775
Indonesia,IDN,2006,YR2006,1655.23,151.04,28.19,130.17,389.96,23.52,104.64,66.3,27.4298156237034,..,229318262,46.738,7.22,33.2,5.50095178520348,364570514304.85,1589.80148866142,111.956
Indonesia,IDN,2007,YR2007,1100.24,154.78,28.19,138.66,404.74,24.26,111.2,67.81,28.228742292355,..,232374239,47.535,4.73,-33.53,6.34502222667214,432216737774.861,1860.00281113287,120.61502
Indonesia,IDN,2008,YR2008,1087.94,158.8,25.35,152.51,400.4,25.45,91.57,72.07,28.761360071456,34.2250282105616,235469755,48.335,4.62,-1.12,6.01370360009123,510228634992.258,2166.85423141608,127.3824
Indonesia,IDN,2009,YR2009,1483.61,166.49,21.6,153.25,418.24,24.58,100.25,81.68,29.6135485180177,29.997306381567,238620554,49.134,6.22,36.37,4.62887118256153,539580085612.401,2261.24730903274,133.47336
Indonesia,IDN,2010,YR2010,1125.25,169.21,19.7,149,440.12,24.8,126.17,89.11,29.6135485180177,26.1661592780012,241834226,49.914,4.65,-24.15,6.22385418062366,755094160363.071,3122.36267319362,145.0577
Indonesia,IDN,2011,YR2011,1675.72,172.7,20.02,176.03,501.48,26.49,135.76,108.5,30.0929045192086,24.8651446692594,245115988,50.595,6.84,48.92,6.16978420771008,892969107923.094,3643.04717619274,156.93924
Indonesia,IDN,2012,YR2012,1695.27,178.07,21.54,168.79,505.02,28.77,119.16,129.63,30.0929045192086,25.0344008432508,248451714,51.276,6.82,1.17,6.03005065305615,917869910105.749,3694.35933980214,171.40571
Indonesia,IDN,2013,YR2013,1636.17,173.88,22.76,168.2,472.62,30.32,78.94,136.12,30.3592134087591,27.7819272178664,251805314,51.955,6.5,-3.49,5.5572636889101,912524136718.018,3623.92724054274,183.78439
Indonesia,IDN,2014,YR2014,2016.28,180.06,23.21,193.76,509.19,31.07,88.87,136.59,30.3592134087591,27.4216121994064,255128076,52.635,7.9,23.23,5.006668425755,890814755233.225,3491.63749125449,194.20845
Indonesia,IDN,2015,YR2015,2070.24,183.36,24.14,195.51,511.21,30.16,99.98,122.57,30.5189987424894,30.309126137804,258383257,53.313,8.01,2.68,4.87632230022123,860854235065.079,3331.69511469189,199.25963
Indonesia,IDN,2016,YR2016,1453.23,190.77,23.1,206.45,511.55,34.58,84.22,133.64,32.0635903018824,31.366190714778,261556386,53.989,5.56,-29.8,5.03306918280177,931877364177.742,3562.81633352183,212.71404
Indonesia,IDN,2017,YR2017,1466.05,196.08,24.97,218.73,548.51,36.19,99.55,141.68,33.1820876379946,32.4290671189749,264650969,54.659,5.54,0.88,5.06978590134916,1015618742565.81,3837.57802362633,220.95999
Indonesia,IDN,2018,YR2018,1703.86,200.24,25.12,243.36,598.17,37.34,114.44,154.01,33.1820876379946,33.1394192425283,267670549,55.325,6.37,16.22,5.17429153955024,1042271531011.99,3893.85957814877,249.04227
Indonesia,IDN,2019,YR2019,..,..,..,..,..,..,..,..,33.1820876379946,33.7291556226381,270625567,55.985,..,..,5.01928768046282,1119099868265.25,4135.23334351202,256.74219
Italy,ITA,2005,YR2005,525.16,34.21,80.3,177.76,470.91,33.66,66.47,122.96,49.8312581581101,..,57969484,67.738,9.06,0.24,0.817848973650598,1858217147203.73,32055.0920757503,307.8
Italy,ITA,2006,YR2006,512.76,34.07,74.71,179.72,463.24,29.64,61.76,124.26,48.0288653379233,..,58143979,67.856,8.82,-2.36,1.79063968081796,1949551719389.64,33529.7266014361,314.794
Italy,ITA,2007,YR2007,506.06,34.14,68.44,179.47,456.12,30.29,60.54,124.74,47.8902197363705,..,58438310,67.974,8.66,-1.31,1.48707298036786,2213102482751.46,37870.7475070969,315.746
Italy,ITA,2008,YR2008,491.14,33.82,72.45,173.55,443.95,28.43,56.96,117.93,48.8884680675508,..,58826731,68.092,8.35,-2.95,-0.962012840579291,2408655348718.59,40944.9124194678,315.523
Italy,ITA,2009,YR2009,442.26,32.65,73.2,147.37,398.15,26.43,43.23,111.84,47.2828843695683,..,59095365,68.209,7.48,-9.95,-5.2809372082931,2199928804118.63,37226.7571935402,297.956
Italy,ITA,2010,YR2010,450.75,32.73,76.15,153.13,406.6,26.57,45.8,109.19,48.45088902265,..,59277417,68.327,7.6,1.92,1.71329583916922,2136099955236.67,36035.6449950691,307.42484
Italy,ITA,2011,YR2011,439.93,32.03,70.39,152.01,397.24,26.42,45.03,109.15,46.8439526846523,..,59379449,68.444,7.41,-2.4,0.707333347034435,2294994296589.5,38649.6394836789,311.46645
Italy,ITA,2012,YR2012,422.08,32.68,69.57,144.03,380.57,24.47,43.32,102.51,46.4259869199711,..,59539717,68.684,7.09,-4.06,-2.98090576823772,2086957656821.6,35051.5212697703,305.92377
Italy,ITA,2013,YR2013,390.27,32.11,69.04,122.62,351.24,23.85,38.09,100.72,46.0912085162215,..,60233948,68.979,6.48,-7.54,-1.84106545088248,2141924094298.56,35560.0814062288,297.00426
Italy,ITA,2014,YR2014,370.58,31.73,57.79,113.74,332.04,23.83,35.12,105.39,44.5086196984965,..,60789140,69.272,6.1,-5.05,-0.00454754236383792,2162009615996.54,35565.7213771496,291.44911
Italy,ITA,2015,YR2015,381.49,31.98,63.59,120.89,342.3,24.06,34.85,103.01,43.7748124902779,..,60730582,69.565,6.28,2.94,0.778304350716581,1836637711060.55,30242.3861352184,296.75771
Italy,ITA,2016,YR2016,398.64,32.44,63.65,118.19,337.87,23.68,34.65,101.71,43.3250596852407,..,60627498,69.855,6.58,4.5,1.29346273155907,1877071687633.78,30960.7315088902,294.20176
Italy,ITA,2017,YR2017,393.01,32.35,63.46,121.19,333.58,22.61,31.92,97.61,43.3743295977925,..,60536709,70.144,6.49,-1.41,1.66785904106857,1961796197354.36,32406.7203150134,300.50281
Italy,ITA,2018,YR2018,386.78,31.97,63.58,113.38,329.13,21.51,32.26,100.2,41.948748469826,..,60421760,70.438,6.4,-1.59,0.925810941012742,2091932426266.98,34622.1696664741,302.197855
Italy,ITA,2019,YR2019,..,..,..,..,..,..,..,..,44.3699956377212,..,59729081,70.736,..,..,0.500233912506772,2011285742552.15,33673.4754474483,303.33124
Japan,JPN,2005,YR2005,1186.26,25.02,153.4,517.14,1193.74,54.71,234.64,253.72,12.8724279835391,128.210797955966,127773000,85.978,9.28,0.08,1.80390087227372,4831467035389.8,37812.8950199948,960.697
Japan,JPN,2006,YR2006,1164.29,24.76,147.52,504.47,1170.2,56.95,235.19,249.92,12.8148148148148,128.602993963416,127854000,87.118,9.11,-1.85,1.37235012762038,4601663122649.92,35991.546002862,978.394
Japan,JPN,2007,YR2007,1200.21,24.64,142.57,557.16,1207.53,56.19,232.03,242.75,12.7572016460905,132.22571802455,128001000,88.146,9.38,3.09,1.48396941163492,4579750920354.81,35779.0245416427,1018.052
Japan,JPN,2008,YR2008,1133.32,24.12,134.07,532.88,1142.49,55.27,212.15,233.72,12.6968449931413,138.578631732787,128063000,89.103,8.85,-5.57,-1.22428900072828,5106679115127.3,39876.3039685725,951.897
Japan,JPN,2009,YR2009,1073.57,23.84,124.89,502.25,1086.84,52.02,200.12,227.56,12.6447187928669,156.988384817181,128047000,89.989,8.38,-5.27,-5.69323635882266,5289493117993.89,41308.9968370512,924.409
Japan,JPN,2010,YR2010,1130.13,23.83,126.14,546.23,1142.6,53.32,211.82,228.65,12.6008230452675,160.501461236966,128070000,90.812,8.82,5.27,4.09791791930137,5759071769013.11,44968.1562349739,1024.87002
Japan,JPN,2011,YR2011,1235.29,22.76,124.86,603.56,1197.65,56.1,218.36,223.03,12.5130315500686,175.570817424664,127833000,91.069,9.66,9.3,0.0238095237748297,6233147172341.35,48760.0789494211,1020.02148
Japan,JPN,2012,YR2012,1277.48,22.23,121.32,652.83,1237.06,59.8,214.45,220.7,12.480109739369,183.708906763918,127629000,91.148,10.01,3.42,1.37475099920874,6272362996105.03,49145.2804308193,952.83974
Japan,JPN,2013,YR2013,1289,22.6,125.28,658.43,1244.52,63.76,216.34,218.03,12.4499314128944,186.564297348971,127445000,91.226,10.11,0.9,2.0051001767726,5212328181166.18,40898.6478964744,958.71762
Japan,JPN,2014,YR2014,1251.32,22.44,118.92,636.28,1203.46,67.62,209.97,211.97,12.3950617283951,192.113216566341,127276000,91.304,9.83,-2.92,0.296205514142628,4896994405353.29,38475.3952461838,935.69642
Japan,JPN,2015,YR2015,1215.33,21.63,114.01,610.36,1165.84,70.38,202.35,211.32,12.3347050754458,194.585436599252,127141000,91.381,9.56,-2.88,1.56062669674904,4444930651964.18,34960.6393843385,917.18078
Japan,JPN,2016,YR2016,1225.67,21.51,111.56,608.59,1155.42,73.75,197.98,208.9,12.2661179698217,193.23712453014,127076000,91.457,9.65,0.85,0.753826745903538,5003677627544.24,39375.4731620781,910.26528
Japan,JPN,2017,YR2017,1203.32,21.5,115.44,589.35,1135.35,71.59,196.8,207.07,12.1920438957476,193.493969150546,126972000,91.535,9.49,-1.82,1.67533175166503,4930837369151.42,38834.0529341227,908.25794
Japan,JPN,2018,YR2018,1154.72,21.56,106.11,561.86,1090.42,67.97,191.68,204.56,12.1262002743484,197.446313440847,126811000,91.616,9.13,-4.04,0.584068067242868,5037835383110.97,39727.1165995928,898.24162
Japan,JPN,2019,YR2019,..,..,..,..,..,..,..,..,12.0631001371742,197.801899116763,126633000,91.698,..,..,-0.240350840922716,5123318151510.62,40458.0018755824,903.69874
Poland,POL,2005,YR2005,310.64,31.76,42.41,173.25,322.57,14.19,33.48,34.51,51.9243952600137,..,38165445,61.452,8.14,0.52,3.50684972910888,306144336269.51,8021.50574346795,119.644598
Poland,POL,2006,YR2006,324.47,32.3,46.83,178.84,334.33,15.97,33.38,38.26,52.0925829198224,..,38141267,61.341,8.51,4.45,6.13113807329107,344622003093.581,9035.41046744936,125.712485
Poland,POL,2007,YR2007,324.46,33.1,43.12,175.44,331.76,17.8,35.65,42.33,50.49947767041,..,38120560,61.229,8.51,0,7.06154345873856,429028505365.078,11254.5173881254,129.299852
Poland,POL,2008,YR2008,318.18,32.4,45.17,170.44,327.26,17.05,31.5,44.28,50.9337251061051,..,38125759,61.116,8.35,-1.94,4.19996858982597,533609081852.897,13996.0251506835,132.251356
Poland,POL,2009,YR2009,302.33,31.48,46.35,163.01,316.16,13.18,27.46,44.69,50.9958208175526,..,38151603,61.004,7.92,-4.98,2.8321780367128,439737508413.192,11526.0558884824,127.555486
Poland,POL,2010,YR2010,320.3,32.15,52.11,168.84,332.43,14.34,29.02,47.12,47.1757868616952,..,38042794,60.892,8.42,5.94,3.74052128123097,479834179020.33,12613.0109954681,134.928389
Poland,POL,2011,YR2011,360.67,31.6,46.13,169.49,327.59,16.02,29.94,47.72,48.2611109296934,..,38063255,60.78,9.48,12.6,4.75763563818002,528301269069.799,13879.5609852546,138.035512
Poland,POL,2012,YR2012,353.7,31.76,47.59,164.54,321.47,15.47,28.82,45.88,47.4462804519626,..,38063164,60.654,9.29,-1.93,1.32489630473351,498523568248.119,13097.2708482174,134.098961
Poland,POL,2013,YR2013,348.35,31.17,45.8,165,317.24,15.1,28.58,43.18,47.059207733255,..,38040196,60.529,9.16,-1.51,1.12576338579674,521016262734.924,13696.4663046143,138.097116
Poland,POL,2014,YR2014,335.26,30.91,41.88,155.38,303.8,16.17,28.77,43.79,47.1080048336001,..,38011735,60.403,8.82,-3.76,3.37858171481973,542477096211.761,14271.3058536202,138.722821
Poland,POL,2015,YR2015,339.15,31.12,41.56,158.08,308.03,16.1,27.38,46.65,46.9349096965936,..,37986412,60.278,8.93,1.16,4.23632684997848,477811911394.084,12578.4954734362,142.605163
Poland,POL,2016,YR2016,344.31,31.6,44.43,157.79,319,16.35,28.13,53.26,46.9447075345374,..,37970087,60.178,9.07,1.52,3.14172577829697,472630364208.177,12447.4395912808,149.53404
Poland,POL,2017,YR2017,357.17,31.94,43.58,159.33,331.74,16.25,30.74,61.54,47.2321107808877,..,37974826,60.105,9.41,3.73,4.8306560054433,526508877305.321,13864.6817579973,152.942555
Poland,POL,2018,YR2018,356.74,32.16,42.68,157.46,331.78,15.68,31.26,63.48,47.39850409903,..,37974750,60.058,9.39,-0.12,5.35370335471698,587411745161.558,15468.4822194105,156.781947
Poland,POL,2019,YR2019,..,..,..,..,..,..,..,..,47.4437293783281,..,37965475,60.037,..,..,4.74495015589534,597280564671.563,15732.2031311754,152.287991
Russian Federation,RUS,2005,YR2005,1608.1,96.79,140.74,947.84,2133.54,53.69,154.88,220.89,13.1661598924145,16.660868447567,143518814,73.463,11.2,0.4,6.39996544785382,764017107992.391,5323.462890625,774.32676
Russian Federation,RUS,2006,YR2006,1682.12,94.24,145.18,994.76,2206.69,53.37,152.63,229.17,13.1573709193088,9.89107286043072,143049637,73.508,11.76,4.6,8.200068255056,989930542278.695,6920.18896484375,816.51568
Russian Federation,RUS,2007,YR2007,1690.16,94.97,148.05,965.64,2213.68,54.91,170.99,230.71,13.1558444571717,7.15843011662711,142805114,73.553,11.84,0.48,8.49997776846357,1299705764823.62,9101.2548828125,840.72394
Russian Federation,RUS,2008,YR2008,1727.25,101.63,155.79,961.59,2237.63,51.31,172.38,245.3,13.1584362579663,6.49528743788997,142742366,73.598,12.1,2.19,5.19996926498843,1660846387624.78,11635.2724609375,855.64981
Russian Federation,RUS,2009,YR2009,1575.54,97.14,139.91,891.48,2105.29,41.4,166.23,228.33,13.1584362579663,8.69786633508402,142785349,73.642,11.03,-8.78,-7.79999391343111,1222644282201.86,8562.8134765625,816.1245
Russian Federation,RUS,2010,YR2010,1690.93,95.05,137.03,956.01,2215.1,45.69,178.43,244.13,13.1584362579663,9.09810564475071,142849468,73.687,11.84,7.32,4.50000000003065,1524917468442.01,10674.99609375,858.51724
Russian Federation,RUS,2011,YR2011,1864.86,95.8,139.22,1015.17,2303.47,45.99,184.01,249.69,13.1584362579663,8.64108194430582,142960908,73.732,13.04,10.29,4.3000291857941,2045925608274.37,14311.083984375,869.26241
Russian Federation,RUS,2012,YR2012,1886.41,95.25,122.48,1007.74,2313.55,53.76,226.31,237.32,13.1584362579663,8.55140859340356,143201721,73.791,13.17,1.16,4.02408615720979,2208295773643.15,15420.875,889.14348
Russian Federation,RUS,2013,YR2013,1844.48,94.22,122.37,969.39,2269.24,59.12,223.86,238.7,13.1584362579663,9.06725564048848,143506995,73.863,12.85,-2.22,1.75542214909368,2292473246621.08,15974.64453125,881.10926
Russian Federation,RUS,2014,YR2014,1841.26,97.07,138.87,907.38,2253.19,61,247.03,241.39,13.1584362579663,11.2004612827286,143819667,73.95,12.8,-0.18,0.736267221415574,2059241965490.83,14095.6484375,890.9883
Russian Federation,RUS,2015,YR2015,1791.21,94.8,148.76,879.86,2211.45,56.25,249.98,240.61,13.1584362579663,13.5407657768558,144096870,74.05,12.43,-2.72,-1.97271922637542,1363481063446.77,9313.013671875,890.00194
Russian Federation,RUS,2016,YR2016,1918.26,96.22,156.31,840.13,2202.85,55.27,259.78,240.2,13.1584362579663,14.2417395793548,144342397,74.164,13.29,7.09,0.193690071729534,1276786979221.81,8704.8984375,909.42506
Russian Federation,RUS,2017,YR2017,1939.26,95.54,178.41,835.58,2227.22,54.91,262.09,246.06,13.1584362579663,16.3253741158845,144496739,74.292,13.42,1.09,1.82579006355112,1574199387070.9,10720.3330078125,918.44182
Russian Federation,RUS,2018,YR2018,1992.08,95.99,217.99,844.67,2275.62,54.58,250.55,258.86,13.1584362579663,16.1685789853238,144477859,74.433,13.79,2.72,2.80724541049418,1657329646183.62,11287.3603515625,929.05222
Russian Federation,RUS,2019,YR2019,..,..,..,..,..,..,..,..,13.1584362579663,17.2760484379376,144406261,74.587,..,..,2.19807574069797,1693113904262.89,11536.2509765625,942.89542
Saudi Arabia,SAU,2005,YR2005,366.49,6.15,4.04,150.47,313.12,24.84,66.85,75.75,80.8102563625453,..,23816175,80.979,15.39,4.73,5.57385012142883,328459700114.755,13791.454761932,146.978
Saudi Arabia,SAU,2006,YR2006,389.51,6.04,3.95,157.56,332.98,28.13,72.48,81.86,80.7902534784085,..,24498313,81.204,15.9,6.28,2.78840222774237,376900135727.637,15384.7383584183,156.75
Saudi Arabia,SAU,2007,YR2007,412.59,6.18,4.14,157.86,351.72,32.35,79.72,91.26,80.7907186617605,..,25184589,81.427,16.38,5.93,1.84713025161132,415964583055.37,16516.6317804658,163.413
Saudi Arabia,SAU,2008,YR2008,450.11,5.24,4.35,172.17,383.59,38.97,88.82,98.53,80.7428047765027,..,25888535,81.649,17.39,9.1,6.24977275479299,519796738640,20078.2600730401,174.236
Saudi Arabia,SAU,2009,YR2009,470.78,4.75,4.38,182.49,400.51,43.21,91.02,101.55,80.6790746572762,..,26630303,81.867,17.68,4.59,-2.05924918993833,429097899280,16113.1437100059,186.092
Saudi Arabia,SAU,2010,YR2010,514.56,5.18,4.41,197.59,440.65,46.45,110.84,105.4,80.6655843400676,..,27421468,82.084,18.76,9.3,5.03948402628657,528207332649.536,19262.5476013733,204.27498
Saudi Arabia,SAU,2011,YR2011,534.21,5.63,5.13,202.54,452.39,53.11,110.13,116.54,80.6572110397313,..,28267591,82.302,18.9,3.82,9.99686516559248,671238840108.229,23745.8805778048,211.56438
Saudi Arabia,SAU,2012,YR2012,568.1,5.69,4.63,230.75,477.07,61.47,101.2,126.81,80.6372081555945,..,29154906,82.52,19.49,6.34,5.41142278010331,735974843348.664,25243.6019978478,247.61072
Saudi Arabia,SAU,2013,YR2013,585.81,6.34,4.28,236.01,485.26,69.64,101.97,128.91,80.6139489879936,..,30052058,82.74,19.49,3.12,2.69928107085529,746647127407.619,24845.124663596,264.01386
Saudi Arabia,SAU,2014,YR2014,629.39,6.06,4.16,247.74,521.47,76.59,118.33,136.72,80.7443398815643,..,30916603,82.96,20.36,7.44,3.65248566592824,756350347320.381,24464.2125566118,295.12904
Saudi Arabia,SAU,2015,YR2015,660.37,6.29,4.62,256.94,546.39,81.73,122.89,146.94,80.7730416943838,..,31717676,83.18,20.82,4.92,4.10639386440421,654269739552.019,20627.9217793895,312.21906
Saudi Arabia,SAU,2016,YR2016,664.17,6.39,4.86,253.62,542.9,88.21,122.86,146.45,80.7683898608636,..,32443443,83.401,20.47,0.57,1.67066425675586,644935682011.475,19878.7681693177,319.40616
Saudi Arabia,SAU,2017,YR2017,656.08,6.26,4.91,243.91,531.85,90.61,124.9,142.91,80.7540008559374,..,33101183,83.622,19.82,-1.22,-0.741528418233386,688586094412.68,20802.4617855102,323.19122
Saudi Arabia,SAU,2018,YR2018,638.12,6.31,5.08,225.44,507,96.75,125.12,136.02,80.7539305202145,..,33702757,83.844,18.94,-2.74,2.51416579969228,816578674529.141,24228.8390391665,330.57066
Saudi Arabia,SAU,2019,YR2019,..,..,..,..,..,..,..,..,80.7539305202145,..,34268529,84.065,..,..,0.33378075529167,803616264791.024,23450.5620241541,331.3815
South Africa,ZAF,2005,YR2005,449.65,32.03,21.52,251.02,380.66,12.99,52.98,43.2,80.359247871139,..,47880595,59.536,9.39,0.07,5.27705197295467,288868489078.987,6033.10149088554,203.683
South Africa,ZAF,2006,YR2006,452,31,24.18,252.36,382.18,14.31,49.14,44.35,79.8687648896619,..,48489464,60.077,9.32,0.52,5.60380645895889,303860874149.007,6266.53398662041,209.594
South Africa,ZAF,2007,YR2007,472.37,31.95,29.95,265.59,399.47,15.29,42.75,48.75,79.8704135719526,..,49119766,60.616,9.62,4.51,5.36047405394162,333075462599.71,6780.88455469658,220.39687
South Africa,ZAF,2008,YR2008,504.1,32.39,32.39,293.42,429.54,15.85,43.88,47.05,80.0501199416366,..,49779472,61.154,10.13,6.72,3.1910438863288,316132138757.081,6350.65270995806,213.62475
South Africa,ZAF,2009,YR2009,483.46,32.62,31.24,256.42,406.48,17.27,61.1,45.07,79.9511990041959,..,50477013,61.687,9.58,-4.09,-1.53808913525583,329753048857.052,6532.73696795513,204.60377
South Africa,ZAF,2010,YR2010,506.27,32.46,13.87,302.5,428.15,17.63,51.46,46.5,79.871237913098,..,51216967,62.218,9.88,4.72,3.03973288127956,417365076968.257,8148.9612020223,215.04142
South Africa,ZAF,2011,YR2011,490.65,32.27,16.27,287.27,412.5,17.58,44.54,48.78,79.4450535409574,..,52003759,62.746,9.43,-3.09,3.16855627858818,458201514136.977,8810.93065093576,218.38128
South Africa,ZAF,2012,YR2012,509.55,32.83,24.98,294.59,430.05,17.9,45.6,48.84,79.4178502831612,..,52832659,63.272,9.64,3.85,2.39623238465745,434400545085.811,8222.19727925886,212.61204
South Africa,ZAF,2013,YR2013,519.44,31.86,26.14,292.58,439.92,18.48,51.62,53.74,79.4178502831612,..,53687125,63.793,9.67,1.94,2.48546800826588,400886013595.573,7467.07918510394,211.49578
South Africa,ZAF,2014,YR2014,531.53,32.07,26.45,304,450.95,18.83,53.37,51.33,79.4178502831612,..,54544184,64.312,9.74,2.33,1.41382645223793,381198869776.106,6988.80873854682,211.88495
South Africa,ZAF,2015,YR2015,507.48,30.5,23.46,284.91,427.27,19.69,49.28,53.91,79.4178502831612,..,55386369,64.828,9.16,-4.52,1.32186223678229,346709790458.563,6259.83968110571,209.50804
South Africa,ZAF,2016,YR2016,508.24,29.17,21.13,290.93,427.73,20.62,49.06,51.51,79.4178502831612,..,56207649,65.341,9.04,0.15,0.664552307858116,323585509674.481,5756.96574098804,205.58929
South Africa,ZAF,2017,YR2017,521.36,30.78,33.97,284.43,437.83,21.55,46.11,56.71,79.4178502831612,..,57009751,65.85,9.15,2.58,1.15794695181735,381448814653.456,6690.93984735096,207.18928
South Africa,ZAF,2018,YR2018,520.5,30.03,33.84,281.88,436.1,22.48,46.76,56.86,79.4178502831612,..,57792520,66.355,9.01,-0.16,1.48761737271568,404842116738.074,7005.09541266022,205.80652
South Africa,ZAF,2019,YR2019,..,..,..,..,..,..,..,..,79.4178502831612,..,58558267,66.856,..,..,0.113053696742199,387934574098.17,6624.76186493309,202.28587
Spain,ESP,2005,YR2005,405.41,41.08,28.74,130.45,339.97,31.13,56.75,109.51,58.4343505179427,40.2675102686621,43653155,77.263,9.29,3.78,3.65203267433178,1153715822717.51,26429.1509449319,241.63064
Spain,ESP,2006,YR2006,399.28,41.06,27.44,128.8,331.14,33.6,45.21,113.13,57.3429796785442,35.7890576263229,44397319,77.502,8.99,-1.51,4.10272711542463,1260398977831.76,28389.0785799873,251.56113
Spain,ESP,2007,YR2007,415.54,42.17,26.79,136.5,344.08,35.62,49.51,116.1,56.1078720121817,31.792195137488,45226803,77.74,9.19,4.07,3.60468797126931,1474002579820,32591.3503065871,255.24151
Spain,ESP,2008,YR2008,382.32,38.5,25.99,120.08,315.94,34.1,46.06,109.9,56.4194065757819,35.7977494008792,45954106,77.976,8.32,-8,0.887145182485298,1631863493552.34,35510.7222312701,258.78792
Spain,ESP,2009,YR2009,345.5,38.78,25.59,103.85,281.99,29.67,37.87,101.3,56.0903220631292,48.3646992967727,46362946,78.21,7.45,-9.63,-3.76323192690089,1491472923706.64,32169.5028548583,245.71794
Spain,ESP,2010,YR2010,330.31,39.2,27.24,88.18,267.84,29.26,40.05,98.42,55.0888982220356,50.1678007072302,46576897,78.442,7.09,-4.4,0.163010230841422,1422108199783.34,30532.4805081656,249.38116
Spain,ESP,2011,YR2011,340.98,37.79,25.09,101.31,270.52,26.79,39.08,91.96,54.0409698327599,58.057649948503,46742697,78.673,7.29,3.23,-0.81437345515107,1480710495710.12,31677.9003083652,246.32256
Spain,ESP,2012,YR2012,334.71,36.91,24.75,109.36,266.19,25.89,36.15,82.63,53.8613782211471,74.1120102679602,46773055,78.902,7.16,-1.84,-2.95944130173555,1324744314781.64,28322.8092495057,243.3448
Spain,ESP,2013,YR2013,308.62,37.85,23.92,85.93,240.65,24.8,35.54,81.62,53.4439535395134,87.5333967088844,46620045,79.133,6.62,-7.79,-1.43539425919327,1355142585077.65,29067.809460022,236.25835
Spain,ESP,2014,YR2014,307.09,39.34,22.44,86.81,237.31,26,33.12,82.06,53.1336838527818,100.691205278128,46480882,79.366,6.61,-0.49,1.38390794267029,1371222712535.68,29500.7894328615,234.05266
Spain,ESP,2015,YR2015,317.67,40.34,26.05,100.39,252.31,19.79,28.93,85.11,53.1890621841609,100.979179625851,46444832,79.602,6.84,3.44,3.83517266033846,1195599995808.59,25742.3688346767,238.7591
Spain,ESP,2016,YR2016,301.97,40.25,27.85,86.51,242.78,19.79,28.45,88.3,52.5772473596977,102.785304638005,46484062,79.84,6.5,-4.94,3.03130132981933,1232912963206.23,26523.3482221547,240.61236
Spain,ESP,2017,YR2017,318.35,40.84,25.25,98.66,259.14,19.14,32.02,91.16,52.6387138276281,103.63285340951,46593236,80.08,6.83,5.42,2.97364119053731,1312539279462.36,28170.1678643302,246.45988
Spain,ESP,2018,YR2018,313.06,41.36,25.46,89.94,254.03,18.45,33.62,92.31,52.408209711446,104.794373761616,46797754,80.321,6.69,-1.66,2.28878567617447,1420994142512.16,30364.5799435622,246.92992
Spain,ESP,2019,YR2019,..,..,..,..,..,..,..,..,52.4584917258728,109.094510163397,47134837,80.565,..,..,2.08519142117105,1393046093137.25,29554.4905170087,244.99732
Turkiye,TUR,2005,YR2005,260.27,36.66,33.67,81.15,227.28,22.45,54.96,36.94,53.5621012694412,..,67903461,67.84,3.83,5.06,8.99230493626517,506308311476.63,7456.2961006749,129.105
Turkiye,TUR,2006,YR2006,289.65,37.63,35.52,90.19,252.25,25.35,63.09,41.65,52.6135935449502,..,68756809,68.45,4.21,11.29,6.94798808571993,557057829051.453,8101.85692374776,141.564
Turkiye,TUR,2007,YR2007,319.59,37.14,38.44,106.65,280.56,27.21,62.92,47.45,51.3298598027624,..,69581854,69.053,4.59,10.34,5.04350793157104,681337335021.874,9791.88245001167,153.8
Turkiye,TUR,2008,YR2008,318.18,35.62,51.91,114.18,278.61,29.2,37.53,44.67,50.8322180788171,40.8891753601982,70418612,69.651,4.52,-0.44,0.815024573007705,770462156204.38,10941.172146426,160.501
Turkiye,TUR,2009,YR2009,321.6,37.62,49.8,112.21,277.78,31.35,41.62,44.26,50.5580603666697,48.4710258625545,71321406,70.241,4.51,1.07,-4.82315395301769,649272568774.193,9103.47405061243,155.409
Turkiye,TUR,2010,YR2010,331.37,36.38,49.13,112.76,284.18,35.63,48.68,43.39,50.6892922573184,45.145314794996,72326992,70.825,4.58,3.04,8.42710432276191,776992599946.766,10742.7749787626,170.51674
Turkiye,TUR,2011,YR2011,337.24,37.12,52.68,123.12,303.9,37.46,52.08,44,49.6953081350779,40.0769538067827,73443254,71.402,4.59,1.77,11.2001105833504,838762755164.179,11420.5554558378,186.48186
Turkiye,TUR,2012,YR2012,351.35,40.63,55.07,126.91,314.12,38.18,54.09,51.06,49.9032002390759,37.9602291228126,74651046,71.974,4.71,4.18,4.78849271108008,880556375779.51,11795.6334567571,195.06694
Turkiye,TUR,2013,YR2013,342.57,44.7,49.78,121,299.92,40.88,46.48,57.2,49.9239894494757,32.1216452754771,75925454,72.531,4.51,-2.5,8.48581699653026,957783020853.031,12614.7816100386,197.78854
Turkiye,TUR,2014,YR2014,367.45,45.2,48.3,138.61,323.22,42.12,47.98,60.93,50.0942011096241,31.3464166832739,77229262,73.077,4.76,7.26,4.9397151613658,938952628604.067,12157.9904337823,207.05496
Turkiye,TUR,2015,YR2015,374.18,46.03,53.16,133.83,329.85,41,50.61,72.51,50.0903031326741,29.0600638875872,78529413,73.611,4.76,1.83,6.08448690443663,864316670330.882,11006.2795239649,217.24952
Turkiye,TUR,2016,YR2016,432.17,48.18,54.07,146.53,352.95,43.53,51.06,79.15,49.8005535127269,30.0735504838055,79827868,74.134,5.41,15.5,3.32308420845746,869692960365.551,10894.6033779275,232.12444
Turkiye,TUR,2017,YR2017,474.03,47.77,59.04,158.51,392.76,45.71,68.79,82.84,49.3275989761314,29.855754409873,81116451,74.644,5.84,9.69,7.50199748917491,858996263095.858,10589.667724687,249.0961
Turkiye,TUR,2018,YR2018,473.87,49.59,50.1,159.04,388.32,47.91,72.12,83.37,49.1171082208334,29.4517851085721,82340090,75.143,5.76,-0.03,2.97988523467896,778471901665.148,9454.34844272271,259.718296
Turkiye,TUR,2019,YR2019,..,..,..,..,..,..,..,..,49.0053662149344,34.1697334386076,83429607,75.63,..,..,0.889585160591679,761004425605.414,9121.51516673708,259.387646
United Kingdom,GBR,2005,YR2005,663.91,50.7,99.74,243.21,551.4,24.55,55.09,127.2,70.0863886248088,90.4467240521957,60401206,79.915,10.99,-0.88,2.59328001020944,2544829090909.09,42132.0907219815,351.022
United Kingdom,GBR,2006,YR2006,661.01,50.7,95.49,248.62,551.56,24.64,54.36,128.85,73.7320712602819,90.2384470469052,60846820,80.199,10.86,-0.44,2.58410467657816,2717059797608.1,44654.0969208924,348.402
United Kingdom,GBR,2007,YR2007,645.52,50.7,91.27,242.28,538.24,25.72,53.41,129.55,72.9425866986318,91.7108221092839,61322463,80.479,10.53,-2.34,2.26948687466346,3106182472989.2,50653.2569148306,344.982
United Kingdom,GBR,2008,YR2008,625.56,50.7,95.96,231.98,523.71,24.88,52.12,122.74,73.0955234985326,103.407032485339,61806995,80.757,10.12,-3.09,-0.239638084998987,2938882352941.18,47549.3486286006,343.588
United Kingdom,GBR,2009,YR2009,570.73,50.7,91.09,204.06,475.39,22.43,43.11,118.32,71.6116231967925,121.319808364159,62276270,81.031,9.16,-8.76,-4.24735626579708,2425798410967.44,38952.2110262455,323.682
United Kingdom,GBR,2010,YR2010,583.6,50.7,101.86,209.09,491.89,23.52,44.88,116.85,71.1941470673335,129.07297194198,62766365,81.302,9.3,2.26,2.13143819777204,2491110093454.18,39688.6149684498,330.96966
United Kingdom,GBR,2011,YR2011,540.98,50.7,82.31,197.4,453.68,21.31,40.17,115.4,70.9461414458728,141.584861177747,63258810,81.57,8.55,-7.3,1.4575633909042,2674891473843.81,42284.8844902996,320.47616
United Kingdom,GBR,2012,YR2012,562.45,50.7,90.46,211.57,477.01,21.07,40.21,114.91,71.020543132311,144.974859921399,63700215,81.837,8.83,3.97,1.46988752075868,2719158341005.79,42686.8000524926,322.17306
United Kingdom,GBR,2013,YR2013,543.71,50.7,91.76,195.92,461.45,21.59,40.89,114.17,71.3024428553714,139.555030100577,64128273,82.102,8.48,-3.33,1.8900183424514,2803291406029.93,43713.8141242308,321.95672
United Kingdom,GBR,2014,YR2014,502.84,50.7,77.7,170.88,422.67,22.05,40.57,115.64,71.2272144835283,148.49453298809,64602298,82.365,7.78,-7.52,2.99116481375781,3087165602962.86,47787.2412984884,309.13658
United Kingdom,GBR,2015,YR2015,486.78,50.7,81.55,150.35,407.61,22.13,39.16,118.82,70.8386723432398,145.613968908833,65116219,82.626,7.48,-3.19,2.62259667901294,2956573778737.76,45404.5677734722,311.1235
United Kingdom,GBR,2016,YR2016,464.28,50.7,86.6,125.94,384.87,21.52,32.07,121.63,71.7148836440293,153.825029578933,65611593,82.886,7.08,-4.62,2.26346353784494,2722851958486.23,41499.5557033073,309.42412
United Kingdom,GBR,2017,YR2017,450.24,50.7,84.05,114.6,372.46,20.26,32.98,122.09,72.1950667548465,159.196773896678,66058859,83.143,6.82,-3.03,2.13445309331686,2699016715111.39,40857.7555829627,305.80436
United Kingdom,GBR,2018,YR2018,441.13,50.7,87.01,106.64,364.85,19.14,31.96,120.66,71.7185202331253,155.535876893643,66460344,83.398,6.64,-2.02,1.65092549602133,2900791442554.06,43646.9519711493,306.90686
United Kingdom,GBR,2019,YR2019,..,..,..,..,..,..,..,..,72.4229988013062,157.742819858971,66836327,83.652,..,..,1.67194419724758,2878673912414.44,43070.4983595888,304.139935
United States,USA,2005,YR2005,6401.12,371.77,571.94,2791.21,6069.18,204.42,477.38,1807.72,45.0712950997171,56.5388479068386,295516599,79.928,21.66,0.22,3.48322032025258,13039199193000,44123.4070679055,3811.346490705
United States,USA,2006,YR2006,6306.81,375.4,517.53,2722.96,5969.29,208.39,495.86,1806.02,45.0668418846705,55.4673357624473,298379912,80.099,21.14,-1.47,2.78281062584327,13815586948000,46302.0008800056,3817.374049601
United States,USA,2007,YR2007,6397.67,378.98,549.01,2789.49,6044.83,221.72,486.05,1806.37,45.0623450106528,55.6599261078117,301231207,80.269,21.24,1.44,2.01050755163328,14474226905000,48050.2237771135,3890.977207741
United States,USA,2008,YR2008,6220.21,377.6,556.25,2719.59,5883.25,208.91,474.83,1708.27,44.9200211644376,63.8151298190915,304093966,80.438,20.45,-2.77,0.122188442974647,14769857911000,48570.0459804586,3867.360635155
United States,USA,2009,YR2009,5793.66,371.69,551.36,2489.11,5484.76,190.55,407.6,1622.55,44.7062669036734,75.8420482989664,306771529,80.606,18.89,-6.86,-2.59988835108558,14478064934000,47194.9433547336,3725.345123197
United States,USA,2010,YR2010,6041.59,373.6,545.06,2609.56,5716.13,204.59,466.39,1679.77,44.4925126429091,84.9644109904045,309327143,80.772,19.53,4.28,2.70885669419681,15048964444000,48650.6431283336,3889.289875723
United States,USA,2011,YR2011,5796.78,374.93,522.21,2488.67,5483.27,217,435.76,1633.59,44.2787583821449,89.5468170333317,311583481,80.944,18.61,-4.05,1.54989495017045,15599728123000,50065.9665041742,3886.633789006
United States,USA,2012,YR2012,5550.87,371.85,460.55,2360.2,5246.43,210.15,438.64,1597.53,44.0649990707762,93.6492617595668,313877662,81.119,17.69,-4.24,2.28068760319185,16253972230000,51784.4185738837,3838.802726345
United States,USA,2013,YR2013,5690.79,370.94,528.01,2378.54,5391.95,209.35,434.89,1646.94,44.1246821508141,95.5346882113219,316059947,81.299,18.01,2.52,1.84187539518688,16843190993000,53291.1276891406,3876.510978475
United States,USA,2014,YR2014,5711.15,370.82,545.08,2376.19,5402.76,219.36,437.26,1639.85,44.1843601802475,95.7666986884038,318386329,81.483,17.94,0.36,2.28777593255359,17550680174000,55123.8497869046,3914.50680973
United States,USA,2015,YR2015,5586.69,370.09,512.54,2234.02,5277.14,221.22,433.89,1700.05,44.2440272776368,96.4252279492666,320738994,81.671,17.42,-2.18,2.70636958176399,18206020741000,56762.7294515989,3914.29917567
United States,USA,2016,YR2016,5676.92,381.4,496.47,2145.51,5172.83,222.02,439.02,1711.22,44.3037053070702,98.5041017174837,323071755,81.862,17.58,1.61,1.66747207596187,18695110842000,57866.7449341091,3921.11069944
United States,USA,2017,YR2017,5613.64,381.93,497.9,2064.52,5100.78,227.96,429.41,1724.02,44.363367353855,97.7634725177003,325122128,82.058,17.27,-1.11,2.25568048065699,19479620056000,59914.777796976,3888.30564548
United States,USA,2018,YR2018,5794.35,385.25,550.68,2103.17,5271.21,233.91,458.79,1762.24,44.363367353855,99.178088646151,326838199,82.256,17.74,3.22,2.91885689667409,20527156026000,62805.2537579917,4032.62826743
United States,USA,2019,YR2019,..,..,..,..,..,..,..,..,44.363367353855,100.955077184095,328329953,82.459,..,..,2.28886986777364,21372572437000,65094.7994287929,3989.37824873
Mexico,MEX,2005,YR2005,521.72,87.5,24.42,191.58,450.42,25.21,58.71,130.23,54.8213688623679,..,106005199,76.308,4.92,4.96,2.30780706591736,877476221382.101,8277.67156384567,192.272
Mexico,MEX,2006,YR2006,543.9,86.63,24.87,190.58,468.25,28.68,66.17,137.41,54.8213688623679,..,107560155,76.616,5.06,4.25,4.49507789421408,975387131716.089,9068.29421839425,196.409
Mexico,MEX,2007,YR2007,565.29,88.01,24.2,193.74,484.44,31.48,62.13,145.17,54.8882430103655,..,109170503,76.92,5.18,3.93,2.29144571429802,1052696282278.87,9642.68051672231,202.249
Mexico,MEX,2008,YR2008,595.78,87.59,24.18,186.4,512.54,32.26,64.35,151.18,53.1675197407341,..,110815272,77.222,5.38,5.39,1.14358458719401,1109989063586.62,10016.5712139986,204.569
Mexico,MEX,2009,YR2009,580.11,89.02,23.14,193.63,494.51,32.24,52.11,147.7,52.8213174207156,..,112463886,77.52,5.16,-2.63,-5.28574413681751,900045350649.351,8002.97217765844,202.092
Mexico,MEX,2010,YR2010,584.23,89.81,23.75,195.39,496.84,32.55,62.17,150.58,52.3712029630392,..,114092961,77.815,5.12,0.71,5.11811814321163,1057801295584.05,9271.39839576997,216.27422
Mexico,MEX,2011,YR2011,680.75,91.43,23.43,204.58,506.16,34.27,67.93,151.66,52.1217109493557,..,115695468,78.111,5.88,16.52,3.66300792950094,1180489601957.61,10203.4212952716,240.50772
Mexico,MEX,2012,YR2012,674.16,91.09,23.72,212.32,500.31,34.95,61.5,152.51,51.7050335656781,..,117274156,78.405,5.75,-0.97,3.64232267941347,1201089987015.45,10241.727828043,248.23514
Mexico,MEX,2013,YR2013,668.85,94,22.76,201.55,497.32,35.08,65.75,150.64,51.1772422130199,..,118827158,78.699,5.63,-0.79,1.35409196151679,1274443084716.57,10725.1835873796,239.32269
Mexico,MEX,2014,YR2014,659.98,89.88,22.95,192.04,484.29,36.51,59.05,151.24,50.7976028190025,..,120355137,78.993,5.48,-1.33,2.84977325490688,1315351183524.54,10928.9160089988,244.60506
Mexico,MEX,2015,YR2015,684.99,90.87,22.64,193.61,496.98,38.03,66.02,150.51,50.7626224954345,..,121858251,79.285,5.62,3.79,3.29315152833387,1171867608197.72,9616.64555810607,253.71084
Mexico,MEX,2016,YR2016,698.62,95.59,21.84,196.74,503.26,38.99,61.94,155.89,50.5866920445485,..,123333379,79.577,5.66,1.99,2.63053242455089,1078490651625.31,8744.51555912786,263.93144
Mexico,MEX,2017,YR2017,694.58,96.82,21.6,194.71,495.63,39.76,68.35,151.37,49.8706242444507,..,124777326,79.867,5.57,-0.58,2.11312913549695,1158913035796.37,9287.84958732302,262.3672
Mexico,MEX,2018,YR2018,695.26,96.83,21.61,193.16,495.77,40.53,66.72,156.58,49.6494251395355,..,126190782,80.156,5.51,0.1,2.19499472522698,1222408203104.3,9686.98492655586,275.66438
Mexico,MEX,2019,YR2019,..,..,..,..,..,..,..,..,49.4385143650814,..,127575529,80.444,..,..,-0.18590678837252,1269404276770.7,9950.2176218348,277.14414
"Korea, Rep.",KOR,2005,YR2005,488.66,14.14,57.93,228.6,464.9,57.22,74.08,86.07,19.4217862674239,..,48184561,81.345,10.14,-0.93,4.30854271411236,934901071332.984,19402.5026259549,350.194
"Korea, Rep.",KOR,2006,YR2006,496.96,13.71,53.18,236.65,472.09,59.11,79.09,85.96,19.1783649876135,..,48438292,81.528,10.26,1.7,5.26432659466724,1053216909887.56,21743.4774514254,364.485
"Korea, Rep.",KOR,2007,YR2007,505.75,14.22,51.3,254.21,485.2,55.04,73.39,88.64,18.9847296739579,..,48683638,81.631,10.39,1.77,5.79954841503216,1172614086539.86,24086.4104391677,387.021
"Korea, Rep.",KOR,2008,YR2008,519.83,14.08,50.6,268.06,497.48,57.17,77.57,84.17,18.733890091762,..,49054708,81.733,10.6,2.78,3.01298487281167,1047339010225.25,21350.427979823,402.892
"Korea, Rep.",KOR,2009,YR2009,533.49,14.15,50.04,288.7,510.08,58.01,69.24,85.07,18.4937152276942,..,49307835,81.835,10.82,2.63,0.792698989518186,943941876218.743,19143.8516053025,409.232
"Korea, Rep.",KOR,2010,YR2010,586.31,14.42,53.18,322.88,560.02,60.93,78.45,86.61,18.2407407407407,..,49554112,81.936,11.83,9.9,6.80482491783671,1144066965324.49,23087.2256438476,450.4183
"Korea, Rep.",KOR,2011,YR2011,620.34,14.02,52.41,346.63,583.66,62.23,80.13,85.13,18.068731350962,..,49936638,81.923,12.42,5.81,3.68566778212526,1253223044718.99,25096.2638838239,473.01604
"Korea, Rep.",KOR,2012,YR2012,624.83,14.47,51.31,350.8,586.89,63.53,76.33,87.58,18.3742678039256,32.4090205799357,50199853,81.851,12.45,0.72,2.40253099246186,1278427634342.59,25466.7605170594,483.19288
"Korea, Rep.",KOR,2013,YR2013,624.54,14.12,51.21,345.95,586.1,64.45,77.01,90.88,18.154291462238,34.9298593014974,50428893,81.779,12.38,-0.05,3.16470863647184,1370795199976.18,27182.7343101936,488.3963
"Korea, Rep.",KOR,2014,YR2014,613.81,13.78,46.17,343.58,573.92,66.09,72.23,92.46,17.9441650415683,36.5002640215506,50746659,81.707,12.1,-1.72,3.2024537945736,1484318219633.63,29249.5752209742,495.94782
"Korea, Rep.",KOR,2015,YR2015,635.34,13.95,47.95,351.34,593.24,68.4,76.27,98.4,17.815177792601,37.4929571097141,51014947,81.634,12.45,3.51,2.80910326824133,1465773245547.15,28732.2310762599,499.7654
"Korea, Rep.",KOR,2016,YR2016,651.13,13.97,51.34,356.66,600.49,72.45,73,101.31,17.4460708387613,38.0655141568922,51217803,81.562,12.71,2.49,2.94688171508626,1500111596236.37,29288.8704389833,508.7001
"Korea, Rep.",KOR,2017,YR2017,664.54,13.98,51.9,365.16,611.4,75.14,71.83,103.47,17.1951594708235,37.3486351375477,51361911,81.503,12.94,2.06,3.15963574012777,1623901496835.79,31616.8434004683,511.75994
"Korea, Rep.",KOR,2018,YR2018,673.08,14.18,51.09,373.7,617.23,77.85,71.97,101.66,16.9401148482363,37.5556431793942,51585058,81.459,13.04,1.28,2.90740377377135,1724845615629.26,33436.9230646064,534.616672
"Korea, Rep.",KOR,2019,YR2019,..,..,..,..,..,..,..,..,16.7725409836066,39.969480137044,51764822,81.43,..,..,2.24397786011012,1651422932447.77,31902.4169048194,539.98224
,,,,,,,,,,,,,,,,,,,,,
,,,,,,,,,,,,,,,,,,,,,
,,,,,,,,,,,,,,,,,,,,,
Data from database: Country Climate and Development Report (CCDR),,,,,,,,,,,,,,,,,,,,,
Last Updated: 10/07/2022,,,,,,,,,,,,,,,,,,,,,
